QuestID,Chapter,QuestNumber,QuestCode,QuestName,RewardGold,RewardExp,RequiredLevel,Repeatable,Objective,Reward_Asset,Quest_Code
1,1,1,C01Q01,Chapter 1 Quest 1,110,55,2,False,Defeat target 1,Reward_1|Gold,legacy_1
2,1,2,C01Q02,Chapter 1 Quest 2,120,60,2,False,Defeat target 2,Reward_2|Gold,legacy_2
3,1,3,C01Q03,Chapter 1 Quest 3,130,65,2,False,Defeat target 3,Reward_3|Gold,legacy_3
4,1,4,C01Q04,Chapter 1 Quest 4,140,70,2,False,Defeat target 4,Reward_4|Gold,legacy_4
5,1,5,C01Q05,Chapter 1 Quest 5,150,75,2,False,Defeat target 5,Reward_5|Gold,legacy_5
6,1,6,C01Q06,Chapter 1 Quest 6,160,80,2,False,Defeat target 6,Reward_6|Gold,legacy_6
7,1,7,C01Q07,Chapter 1 Quest 7,170,85,2,False,Defeat target 7,Reward_7|Gold,legacy_7
8,1,8,C01Q08,Chapter 1 Quest 8,180,90,2,False,Defeat target 8,Reward_8|Gold,legacy_8
9,1,9,C01Q09,Chapter 1 Quest 9,190,95,2,False,Defeat target 9,Reward_9|Gold,legacy_9
10,1,10,C01Q10,Chapter 1 Quest 10,200,100,2,True,Defeat target 10,Reward_10|Gold,legacy_10
11,2,1,C02Q01,Chapter 2 Quest 1,210,105,4,False,Defeat target 1,Reward_11|Gold,legacy_11
12,2,2,C02Q02,Chapter 2 Quest 2,220,110,4,False,Defeat target 2,Reward_12|Gold,legacy_12
13,2,3,C02Q03,Chapter 2 Quest 3,230,115,4,False,Defeat target 3,Reward_13|Gold,legacy_13
14,2,4,C02Q04,Chapter 2 Quest 4,240,120,4,False,Defeat target 4,Reward_14|Gold,legacy_14
15,2,5,C02Q05,Chapter 2 Quest 5,250,125,4,False,Defeat target 5,Reward_15|Gold,legacy_15
16,2,6,C02Q06,Chapter 2 Quest 6,260,130,4,False,Defeat target 6,Reward_16|Gold,legacy_16
17,2,7,C02Q07,Chapter 2 Quest 7,270,135,4,False,Defeat target 7,Reward_17|Gold,legacy_17
18,2,8,C02Q08,Chapter 2 Quest 8,280,140,4,False,Defeat target 8,Reward_18|Gold,legacy_18
19,2,9,C02Q09,Chapter 2 Quest 9,290,145,4,False,Defeat target 9,Reward_19|Gold,legacy_19
20,2,10,C02Q10,Chapter 2 Quest 10,300,150,4,True,Defeat target 10,Reward_20|Gold,legacy_20
21,3,1,C03Q01,Chapter 3 Quest 1,310,155,6,False,Defeat target 1,Reward_21|Gold,legacy_21
22,3,2,C03Q02,Chapter 3 Quest 2,320,160,6,False,Defeat target 2,Reward_22|Gold,legacy_22
23,3,3,C03Q03,Chapter 3 Quest 3,330,165,6,False,Defeat target 3,Reward_23|Gold,legacy_23
24,3,4,C03Q04,Chapter 3 Quest 4,340,170,6,False,Defeat target 4,Reward_24|Gold,legacy_24
25,3,5,C03Q05,Chapter 3 Quest 5,350,175,6,False,Defeat target 5,Reward_25|Gold,legacy_25
26,3,6,C03Q06,Chapter 3 Quest 6,360,180,6,False,Defeat target 6,Reward_26|Gold,legacy_26
27,3,7,C03Q07,Chapter 3 Quest 7,370,185,6,False,Defeat target 7,Reward_27|Gold,legacy_27
28,3,8,C03Q08,Chapter 3 Quest 8,380,190,6,False,Defeat target 8,Reward_28|Gold,legacy_28
29,3,9,C03Q09,Chapter 3 Quest 9,390,195,6,False,Defeat target 9,Reward_29|Gold,legacy_29
30,3,10,C03Q10,Chapter 3 Quest 10,400,200,6,True,Defeat target 10,Reward_30|Gold,legacy_30
31,4,1,C04Q01,Chapter 4 Quest 1,410,205,8,False,Defeat target 1,Reward_31|Gold,legacy_31
32,4,2,C04Q02,Chapter 4 Quest 2,420,210,8,False,Defeat target 2,Reward_32|Gold,legacy_32
33,4,3,C04Q03,Chapter 4 Quest 3,430,215,8,False,Defeat target 3,Reward_33|Gold,legacy_33
34,4,4,C04Q04,Chapter 4 Quest 4,440,220,8,False,Defeat target 4,Reward_34|Gold,legacy_34
35,4,5,C04Q05,Chapter 4 Quest 5,450,225,8,False,Defeat target 5,Reward_35|Gold,legacy_35
36,4,6,C04Q06,Chapter 4 Quest 6,460,230,8,False,Defeat target 6,Reward_36|Gold,legacy_36
37,4,7,C04Q07,Chapter 4 Quest 7,470,235,8,False,Defeat target 7,Reward_37|Gold,legacy_37
38,4,8,C04Q08,Chapter 4 Quest 8,480,240,8,False,Defeat target 8,Reward_38|Gold,legacy_38
39,4,9,C04Q09,Chapter 4 Quest 9,490,245,8,False,Defeat target 9,Reward_39|Gold,legacy_39
40,4,10,C04Q10,Chapter 4 Quest 10,500,250,8,True,Defeat target 10,Reward_40|Gold,legacy_40
41,5,1,C05Q01,Chapter 5 Quest 1,510,255,10,False,Defeat target 1,Reward_41|Gold,legacy_41
42,5,2,C05Q02,Chapter 5 Quest 2,520,260,10,False,Defeat target 2,Reward_42|Gold,legacy_42
43,5,3,C05Q03,Chapter 5 Quest 3,530,265,10,False,Defeat target 3,Reward_43|Gold,legacy_43
44,5,4,C05Q04,Chapter 5 Quest 4,540,270,10,False,Defeat target 4,Reward_44|Gold,legacy_44
45,5,5,C05Q05,Chapter 5 Quest 5,550,275,10,False,Defeat target 5,Reward_45|Gold,legacy_45
46,5,6,C05Q06,Chapter 5 Quest 6,560,280,10,False,Defeat target 6,Reward_46|Gold,legacy_46
47,5,7,C05Q07,Chapter 5 Quest 7,570,285,10,False,Defeat target 7,Reward_47|Gold,legacy_47
48,5,8,C05Q08,Chapter 5 Quest 8,580,290,10,False,Defeat target 8,Reward_48|Gold,legacy_48
49,5,9,C05Q09,Chapter 5 Quest 9,590,295,10,False,Defeat target 9,Reward_49|Gold,legacy_49
50,5,10,C05Q10,Chapter 5 Quest 10,600,300,10,True,Defeat target 10,Reward_50|Gold,legacy_50
51,6,1,C06Q01,Chapter 6 Quest 1,610,305,12,False,Defeat target 1,Reward_51|Gold,legacy_51
52,6,2,C06Q02,Chapter 6 Quest 2,620,310,12,False,Defeat target 2,Reward_52|Gold,legacy_52
53,6,3,C06Q03,Chapter 6 Quest 3,630,315,12,False,Defeat target 3,Reward_53|Gold,legacy_53
54,6,4,C06Q04,Chapter 6 Quest 4,640,320,12,False,Defeat target 4,Reward_54|Gold,legacy_54
55,6,5,C06Q05,Chapter 6 Quest 5,650,325,12,False,Defeat target 5,Reward_55|Gold,legacy_55
56,6,6,C06Q06,Chapter 6 Quest 6,660,330,12,False,Defeat target 6,Reward_56|Gold,legacy_56
57,6,7,C06Q07,Chapter 6 Quest 7,670,335,12,False,Defeat target 7,Reward_57|Gold,legacy_57
58,6,8,C06Q08,Chapter 6 Quest 8,680,340,12,False,Defeat target 8,Reward_58|Gold,legacy_58
59,6,9,C06Q09,Chapter 6 Quest 9,690,345,12,False,Defeat target 9,Reward_59|Gold,legacy_59
60,6,10,C06Q10,Chapter 6 Quest 10,700,350,12,True,Defeat target 10,Reward_60|Gold,legacy_60
61,7,1,C07Q01,Chapter 7 Quest 1,710,355,14,False,Defeat target 1,Reward_61|Gold,legacy_61
62,7,2,C07Q02,Chapter 7 Quest 2,720,360,14,False,Defeat target 2,Reward_62|Gold,legacy_62
63,7,3,C07Q03,Chapter 7 Quest 3,730,365,14,False,Defeat target 3,Reward_63|Gold,legacy_63
64,7,4,C07Q04,Chapter 7 Quest 4,740,370,14,False,Defeat target 4,Reward_64|Gold,legacy_64
65,7,5,C07Q05,Chapter 7 Quest 5,750,375,14,False,Defeat target 5,Reward_65|Gold,legacy_65
66,7,6,C07Q06,Chapter 7 Quest 6,760,380,14,False,Defeat target 6,Reward_66|Gold,legacy_66
67,7,7,C07Q07,Chapter 7 Quest 7,770,385,14,False,Defeat target 7,Reward_67|Gold,legacy_67
68,7,8,C07Q08,Chapter 7 Quest 8,780,390,14,False,Defeat target 8,Reward_68|Gold,legacy_68
69,7,9,C07Q09,Chapter 7 Quest 9,790,395,14,False,Defeat target 9,Reward_69|Gold,legacy_69
70,7,10,C07Q10,Chapter 7 Quest 10,800,400,14,True,Defeat target 10,Reward_70|Gold,legacy_70
71,8,1,C08Q01,Chapter 8 Quest 1,810,405,16,False,Defeat target 1,Reward_71|Gold,legacy_71
72,8,2,C08Q02,Chapter 8 Quest 2,820,410,16,False,Defeat target 2,Reward_72|Gold,legacy_72
73,8,3,C08Q03,Chapter 8 Quest 3,830,415,16,False,Defeat target 3,Reward_73|Gold,legacy_73
74,8,4,C08Q04,Chapter 8 Quest 4,840,420,16,False,Defeat target 4,Reward_74|Gold,legacy_74
75,8,5,C08Q05,Chapter 8 Quest 5,850,425,16,False,Defeat target 5,Reward_75|Gold,legacy_75
76,8,6,C08Q06,Chapter 8 Quest 6,860,430,16,False,Defeat target 6,Reward_76|Gold,legacy_76
77,8,7,C08Q07,Chapter 8 Quest 7,870,435,16,False,Defeat target 7,Reward_77|Gold,legacy_77
78,8,8,C08Q08,Chapter 8 Quest 8,880,440,16,False,Defeat target 8,Reward_78|Gold,legacy_78
79,8,9,C08Q09,Chapter 8 Quest 9,890,445,16,False,Defeat target 9,Reward_79|Gold,legacy_79
80,8,10,C08Q10,Chapter 8 Quest 10,900,450,16,True,Defeat target 10,Reward_80|Gold,legacy_80
81,9,1,C09Q01,Chapter 9 Quest 1,910,455,18,False,Defeat target 1,Reward_81|Gold,legacy_81
82,9,2,C09Q02,Chapter 9 Quest 2,920,460,18,False,Defeat target 2,Reward_82|Gold,legacy_82
83,9,3,C09Q03,Chapter 9 Quest 3,930,465,18,False,Defeat target 3,Reward_83|Gold,legacy_83
84,9,4,C09Q04,Chapter 9 Quest 4,940,470,18,False,Defeat target 4,Reward_84|Gold,legacy_84
85,9,5,C09Q05,Chapter 9 Quest 5,950,475,18,False,Defeat target 5,Reward_85|Gold,legacy_85
86,9,6,C09Q06,Chapter 9 Quest 6,960,480,18,False,Defeat target 6,Reward_86|Gold,legacy_86
87,9,7,C09Q07,Chapter 9 Quest 7,970,485,18,False,Defeat target 7,Reward_87|Gold,legacy_87
88,9,8,C09Q08,Chapter 9 Quest 8,980,490,18,False,Defeat target 8,Reward_88|Gold,legacy_88
89,9,9,C09Q09,Chapter 9 Quest 9,990,495,18,False,Defeat target 9,Reward_89|Gold,legacy_89
90,9,10,C09Q10,Chapter 9 Quest 10,1000,500,18,True,Defeat target 10,Reward_90|Gold,legacy_90
91,10,1,C10Q01,Chapter 10 Quest 1,1010,505,20,False,Defeat target 1,Reward_91|Gold,legacy_91
92,10,2,C10Q02,Chapter 10 Quest 2,1020,510,20,False,Defeat target 2,Reward_92|Gold,legacy_92
93,10,3,C10Q03,Chapter 10 Quest 3,1030,515,20,False,Defeat target 3,Reward_93|Gold,legacy_93
94,10,4,C10Q04,Chapter 10 Quest 4,1040,520,20,False,Defeat target 4,Reward_94|Gold,legacy_94
95,10,5,C10Q05,Chapter 10 Quest 5,1050,525,20,False,Defeat target 5,Reward_95|Gold,legacy_95
96,10,6,C10Q06,Chapter 10 Quest 6,1060,530,20,False,Defeat target 6,Reward_96|Gold,legacy_96
97,10,7,C10Q07,Chapter 10 Quest 7,1070,535,20,False,Defeat target 7,Reward_97|Gold,legacy_97
98,10,8,C10Q08,Chapter 10 Quest 8,1080,540,20,False,Defeat target 8,Reward_98|Gold,legacy_98
99,10,9,C10Q09,Chapter 10 Quest 9,1090,545,20,False,Defeat target 9,Reward_99|Gold,legacy_99
100,10,10,C10Q10,Chapter 10 Quest 10,1100,550,20,True,Defeat target 10,Reward_100|Gold,legacy_100
