LevelID,World,Stage,Difficulty,LevelCode,RecommendedPower,TimeLimit,EnemyCount,RewardTier,IsBossStage,Layout_File,Stage_Name
1,1,1,Hard,W01-01,110,62,6,1,False,Level|World1|Stage1,stage_1_1
2,1,2,Extreme,W01-02,120,64,7,2,False,Level|World1|Stage2,stage_1_2
3,1,3,Normal,W01-03,130,66,8,3,False,Level|World1|Stage3,stage_1_3
4,1,4,Hard,W01-04,140,68,9,4,False,Level|World1|Stage4,stage_1_4
5,1,5,Extreme,W01-05,150,70,10,0,False,Level|World1|Stage5,stage_1_5
6,1,6,Normal,W01-06,160,72,11,1,False,Level|World1|Stage6,stage_1_6
7,1,7,Hard,W01-07,170,74,12,2,False,Level|World1|Stage7,stage_1_7
8,1,8,Extreme,W01-08,180,76,13,3,False,Level|World1|Stage8,stage_1_8
9,1,9,Normal,W01-09,190,78,14,4,False,Level|World1|Stage9,stage_1_9
10,1,10,Hard,W01-10,200,80,15,0,False,Level|World1|Stage10,stage_1_10
11,1,11,Extreme,W01-11,210,82,16,1,False,Level|World1|Stage11,stage_1_11
12,1,12,Normal,W01-12,220,84,5,2,False,Level|World1|Stage12,stage_1_12
13,1,13,Hard,W01-13,230,86,6,3,False,Level|World1|Stage13,stage_1_13
14,1,14,Extreme,W01-14,240,88,7,4,False,Level|World1|Stage14,stage_1_14
15,1,15,Normal,W01-15,250,90,8,0,False,Level|World1|Stage15,stage_1_15
16,1,16,Hard,W01-16,260,92,9,1,False,Level|World1|Stage16,stage_1_16
17,1,17,Extreme,W01-17,270,94,10,2,False,Level|World1|Stage17,stage_1_17
18,1,18,Normal,W01-18,280,96,11,3,False,Level|World1|Stage18,stage_1_18
19,1,19,Hard,W01-19,290,98,12,4,False,Level|World1|Stage19,stage_1_19
20,1,20,Extreme,W01-20,300,100,13,0,False,Level|World1|Stage20,stage_1_20
21,1,21,Normal,W01-21,310,102,14,1,False,Level|World1|Stage21,stage_1_21
22,1,22,Hard,W01-22,320,104,15,2,False,Level|World1|Stage22,stage_1_22
23,1,23,Extreme,W01-23,330,106,16,3,False,Level|World1|Stage23,stage_1_23
24,1,24,Normal,W01-24,340,108,5,4,False,Level|World1|Stage24,stage_1_24
25,1,25,Hard,W01-25,350,110,6,0,False,Level|World1|Stage25,stage_1_25
26,1,26,Extreme,W01-26,360,112,7,1,False,Level|World1|Stage26,stage_1_26
27,1,27,Normal,W01-27,370,114,8,2,False,Level|World1|Stage27,stage_1_27
28,1,28,Hard,W01-28,380,116,9,3,False,Level|World1|Stage28,stage_1_28
29,1,29,Extreme,W01-29,390,118,10,4,False,Level|World1|Stage29,stage_1_29
30,1,30,Normal,W01-30,400,120,11,0,True,Level|World1|Stage30,stage_1_30
31,2,1,Hard,W02-01,210,62,6,1,False,Level|World2|Stage1,stage_2_1
32,2,2,Extreme,W02-02,220,64,7,2,False,Level|World2|Stage2,stage_2_2
33,2,3,Normal,W02-03,230,66,8,3,False,Level|World2|Stage3,stage_2_3
34,2,4,Hard,W02-04,240,68,9,4,False,Level|World2|Stage4,stage_2_4
35,2,5,Extreme,W02-05,250,70,10,0,False,Level|World2|Stage5,stage_2_5
36,2,6,Normal,W02-06,260,72,11,1,False,Level|World2|Stage6,stage_2_6
37,2,7,Hard,W02-07,270,74,12,2,False,Level|World2|Stage7,stage_2_7
38,2,8,Extreme,W02-08,280,76,13,3,False,Level|World2|Stage8,stage_2_8
39,2,9,Normal,W02-09,290,78,14,4,False,Level|World2|Stage9,stage_2_9
40,2,10,Hard,W02-10,300,80,15,0,False,Level|World2|Stage10,stage_2_10
41,2,11,Extreme,W02-11,310,82,16,1,False,Level|World2|Stage11,stage_2_11
42,2,12,Normal,W02-12,320,84,5,2,False,Level|World2|Stage12,stage_2_12
43,2,13,Hard,W02-13,330,86,6,3,False,Level|World2|Stage13,stage_2_13
44,2,14,Extreme,W02-14,340,88,7,4,False,Level|World2|Stage14,stage_2_14
45,2,15,Normal,W02-15,350,90,8,0,False,Level|World2|Stage15,stage_2_15
46,2,16,Hard,W02-16,360,92,9,1,False,Level|World2|Stage16,stage_2_16
47,2,17,Extreme,W02-17,370,94,10,2,False,Level|World2|Stage17,stage_2_17
48,2,18,Normal,W02-18,380,96,11,3,False,Level|World2|Stage18,stage_2_18
49,2,19,Hard,W02-19,390,98,12,4,False,Level|World2|Stage19,stage_2_19
50,2,20,Extreme,W02-20,400,100,13,0,False,Level|World2|Stage20,stage_2_20
51,2,21,Normal,W02-21,410,102,14,1,False,Level|World2|Stage21,stage_2_21
52,2,22,Hard,W02-22,420,104,15,2,False,Level|World2|Stage22,stage_2_22
53,2,23,Extreme,W02-23,430,106,16,3,False,Level|World2|Stage23,stage_2_23
54,2,24,Normal,W02-24,440,108,5,4,False,Level|World2|Stage24,stage_2_24
55,2,25,Hard,W02-25,450,110,6,0,False,Level|World2|Stage25,stage_2_25
56,2,26,Extreme,W02-26,460,112,7,1,False,Level|World2|Stage26,stage_2_26
57,2,27,Normal,W02-27,470,114,8,2,False,Level|World2|Stage27,stage_2_27
58,2,28,Hard,W02-28,480,116,9,3,False,Level|World2|Stage28,stage_2_28
59,2,29,Extreme,W02-29,490,118,10,4,False,Level|World2|Stage29,stage_2_29
60,2,30,Normal,W02-30,500,120,11,0,True,Level|World2|Stage30,stage_2_30
61,3,1,Hard,W03-01,310,62,6,1,False,Level|World3|Stage1,stage_3_1
62,3,2,Extreme,W03-02,320,64,7,2,False,Level|World3|Stage2,stage_3_2
63,3,3,Normal,W03-03,330,66,8,3,False,Level|World3|Stage3,stage_3_3
64,3,4,Hard,W03-04,340,68,9,4,False,Level|World3|Stage4,stage_3_4
65,3,5,Extreme,W03-05,350,70,10,0,False,Level|World3|Stage5,stage_3_5
66,3,6,Normal,W03-06,360,72,11,1,False,Level|World3|Stage6,stage_3_6
67,3,7,Hard,W03-07,370,74,12,2,False,Level|World3|Stage7,stage_3_7
68,3,8,Extreme,W03-08,380,76,13,3,False,Level|World3|Stage8,stage_3_8
69,3,9,Normal,W03-09,390,78,14,4,False,Level|World3|Stage9,stage_3_9
70,3,10,Hard,W03-10,400,80,15,0,False,Level|World3|Stage10,stage_3_10
71,3,11,Extreme,W03-11,410,82,16,1,False,Level|World3|Stage11,stage_3_11
72,3,12,Normal,W03-12,420,84,5,2,False,Level|World3|Stage12,stage_3_12
73,3,13,Hard,W03-13,430,86,6,3,False,Level|World3|Stage13,stage_3_13
74,3,14,Extreme,W03-14,440,88,7,4,False,Level|World3|Stage14,stage_3_14
75,3,15,Normal,W03-15,450,90,8,0,False,Level|World3|Stage15,stage_3_15
76,3,16,Hard,W03-16,460,92,9,1,False,Level|World3|Stage16,stage_3_16
77,3,17,Extreme,W03-17,470,94,10,2,False,Level|World3|Stage17,stage_3_17
78,3,18,Normal,W03-18,480,96,11,3,False,Level|World3|Stage18,stage_3_18
79,3,19,Hard,W03-19,490,98,12,4,False,Level|World3|Stage19,stage_3_19
80,3,20,Extreme,W03-20,500,100,13,0,False,Level|World3|Stage20,stage_3_20
81,3,21,Normal,W03-21,510,102,14,1,False,Level|World3|Stage21,stage_3_21
82,3,22,Hard,W03-22,520,104,15,2,False,Level|World3|Stage22,stage_3_22
83,3,23,Extreme,W03-23,530,106,16,3,False,Level|World3|Stage23,stage_3_23
84,3,24,Normal,W03-24,540,108,5,4,False,Level|World3|Stage24,stage_3_24
85,3,25,Hard,W03-25,550,110,6,0,False,Level|World3|Stage25,stage_3_25
86,3,26,Extreme,W03-26,560,112,7,1,False,Level|World3|Stage26,stage_3_26
87,3,27,Normal,W03-27,570,114,8,2,False,Level|World3|Stage27,stage_3_27
88,3,28,Hard,W03-28,580,116,9,3,False,Level|World3|Stage28,stage_3_28
89,3,29,Extreme,W03-29,590,118,10,4,False,Level|World3|Stage29,stage_3_29
90,3,30,Normal,W03-30,600,120,11,0,True,Level|World3|Stage30,stage_3_30
91,4,1,Hard,W04-01,410,62,6,1,False,Level|World4|Stage1,stage_4_1
92,4,2,Extreme,W04-02,420,64,7,2,False,Level|World4|Stage2,stage_4_2
93,4,3,Normal,W04-03,430,66,8,3,False,Level|World4|Stage3,stage_4_3
94,4,4,Hard,W04-04,440,68,9,4,False,Level|World4|Stage4,stage_4_4
95,4,5,Extreme,W04-05,450,70,10,0,False,Level|World4|Stage5,stage_4_5
96,4,6,Normal,W04-06,460,72,11,1,False,Level|World4|Stage6,stage_4_6
97,4,7,Hard,W04-07,470,74,12,2,False,Level|World4|Stage7,stage_4_7
98,4,8,Extreme,W04-08,480,76,13,3,False,Level|World4|Stage8,stage_4_8
99,4,9,Normal,W04-09,490,78,14,4,False,Level|World4|Stage9,stage_4_9
100,4,10,Hard,W04-10,500,80,15,0,False,Level|World4|Stage10,stage_4_10
101,4,11,Extreme,W04-11,510,82,16,1,False,Level|World4|Stage11,stage_4_11
102,4,12,Normal,W04-12,520,84,5,2,False,Level|World4|Stage12,stage_4_12
103,4,13,Hard,W04-13,530,86,6,3,False,Level|World4|Stage13,stage_4_13
104,4,14,Extreme,W04-14,540,88,7,4,False,Level|World4|Stage14,stage_4_14
105,4,15,Normal,W04-15,550,90,8,0,False,Level|World4|Stage15,stage_4_15
106,4,16,Hard,W04-16,560,92,9,1,False,Level|World4|Stage16,stage_4_16
107,4,17,Extreme,W04-17,570,94,10,2,False,Level|World4|Stage17,stage_4_17
108,4,18,Normal,W04-18,580,96,11,3,False,Level|World4|Stage18,stage_4_18
109,4,19,Hard,W04-19,590,98,12,4,False,Level|World4|Stage19,stage_4_19
110,4,20,Extreme,W04-20,600,100,13,0,False,Level|World4|Stage20,stage_4_20
111,4,21,Normal,W04-21,610,102,14,1,False,Level|World4|Stage21,stage_4_21
112,4,22,Hard,W04-22,620,104,15,2,False,Level|World4|Stage22,stage_4_22
113,4,23,Extreme,W04-23,630,106,16,3,False,Level|World4|Stage23,stage_4_23
114,4,24,Normal,W04-24,640,108,5,4,False,Level|World4|Stage24,stage_4_24
115,4,25,Hard,W04-25,650,110,6,0,False,Level|World4|Stage25,stage_4_25
116,4,26,Extreme,W04-26,660,112,7,1,False,Level|World4|Stage26,stage_4_26
117,4,27,Normal,W04-27,670,114,8,2,False,Level|World4|Stage27,stage_4_27
118,4,28,Hard,W04-28,680,116,9,3,False,Level|World4|Stage28,stage_4_28
119,4,29,Extreme,W04-29,690,118,10,4,False,Level|World4|Stage29,stage_4_29
120,4,30,Normal,W04-30,700,120,11,0,True,Level|World4|Stage30,stage_4_30
121,5,1,Hard,W05-01,510,62,6,1,False,Level|World5|Stage1,stage_5_1
122,5,2,Extreme,W05-02,520,64,7,2,False,Level|World5|Stage2,stage_5_2
123,5,3,Normal,W05-03,530,66,8,3,False,Level|World5|Stage3,stage_5_3
124,5,4,Hard,W05-04,540,68,9,4,False,Level|World5|Stage4,stage_5_4
125,5,5,Extreme,W05-05,550,70,10,0,False,Level|World5|Stage5,stage_5_5
126,5,6,Normal,W05-06,560,72,11,1,False,Level|World5|Stage6,stage_5_6
127,5,7,Hard,W05-07,570,74,12,2,False,Level|World5|Stage7,stage_5_7
128,5,8,Extreme,W05-08,580,76,13,3,False,Level|World5|Stage8,stage_5_8
129,5,9,Normal,W05-09,590,78,14,4,False,Level|World5|Stage9,stage_5_9
130,5,10,Hard,W05-10,600,80,15,0,False,Level|World5|Stage10,stage_5_10
131,5,11,Extreme,W05-11,610,82,16,1,False,Level|World5|Stage11,stage_5_11
132,5,12,Normal,W05-12,620,84,5,2,False,Level|World5|Stage12,stage_5_12
133,5,13,Hard,W05-13,630,86,6,3,False,Level|World5|Stage13,stage_5_13
134,5,14,Extreme,W05-14,640,88,7,4,False,Level|World5|Stage14,stage_5_14
135,5,15,Normal,W05-15,650,90,8,0,False,Level|World5|Stage15,stage_5_15
136,5,16,Hard,W05-16,660,92,9,1,False,Level|World5|Stage16,stage_5_16
137,5,17,Extreme,W05-17,670,94,10,2,False,Level|World5|Stage17,stage_5_17
138,5,18,Normal,W05-18,680,96,11,3,False,Level|World5|Stage18,stage_5_18
139,5,19,Hard,W05-19,690,98,12,4,False,Level|World5|Stage19,stage_5_19
140,5,20,Extreme,W05-20,700,100,13,0,False,Level|World5|Stage20,stage_5_20
141,5,21,Normal,W05-21,710,102,14,1,False,Level|World5|Stage21,stage_5_21
142,5,22,Hard,W05-22,720,104,15,2,False,Level|World5|Stage22,stage_5_22
143,5,23,Extreme,W05-23,730,106,16,3,False,Level|World5|Stage23,stage_5_23
144,5,24,Normal,W05-24,740,108,5,4,False,Level|World5|Stage24,stage_5_24
145,5,25,Hard,W05-25,750,110,6,0,False,Level|World5|Stage25,stage_5_25
146,5,26,Extreme,W05-26,760,112,7,1,False,Level|World5|Stage26,stage_5_26
147,5,27,Normal,W05-27,770,114,8,2,False,Level|World5|Stage27,stage_5_27
148,5,28,Hard,W05-28,780,116,9,3,False,Level|World5|Stage28,stage_5_28
149,5,29,Extreme,W05-29,790,118,10,4,False,Level|World5|Stage29,stage_5_29
150,5,30,Normal,W05-30,800,120,11,0,True,Level|World5|Stage30,stage_5_30
